"ct_subcluster","ext_module","fdr"
"preCG-excitatory-0","Ex0",2.04761019509007e-100
"preCG-excitatory-0","Ex1",0.115407749477019
"preCG-excitatory-0","Ex11",0.000119574870977683
"preCG-excitatory-0","Ex12",1.19256605372599e-07
"preCG-excitatory-0","Ex14",0.000933382946824991
"preCG-excitatory-0","Ex2",6.92491051310923e-58
"preCG-excitatory-0","Ex3",1.61862396185718e-05
"preCG-excitatory-0","Ex4",2.57952415920595e-07
"preCG-excitatory-0","Ex5",0.220214361738508
"preCG-excitatory-0","Ex6",0.275505181491282
"preCG-excitatory-0","Ex7",0.317998608640773
"preCG-excitatory-0","Ex8",0.510628317687592
"preCG-excitatory-0","Ex9",5.76233795659112e-08
"preCG-excitatory-1","Ex0",3.48784084678443e-11
"preCG-excitatory-1","Ex1",1.99224469634485e-07
"preCG-excitatory-1","Ex11",9.14564259584655e-42
"preCG-excitatory-1","Ex12",8.97762993594358e-21
"preCG-excitatory-1","Ex14",9.35768825596546e-08
"preCG-excitatory-1","Ex2",2.20014611007117e-06
"preCG-excitatory-1","Ex3",1.18577512602884e-71
"preCG-excitatory-1","Ex4",1
"preCG-excitatory-1","Ex5",1.90479682006522e-06
"preCG-excitatory-1","Ex6",0.159593976703895
"preCG-excitatory-1","Ex7",0.00489299923472965
"preCG-excitatory-1","Ex8",0.15512556698992
"preCG-excitatory-1","Ex9",2.8875619302347e-15
"preCG-excitatory-14","Ex0",1.5907854272193e-13
"preCG-excitatory-14","Ex1",0.000145166663409182
"preCG-excitatory-14","Ex11",0.000109852176401031
"preCG-excitatory-14","Ex12",1.08407704178067e-07
"preCG-excitatory-14","Ex14",1.00648410822464e-13
"preCG-excitatory-14","Ex2",1.06911335127895e-47
"preCG-excitatory-14","Ex3",0.00127352822219384
"preCG-excitatory-14","Ex4",1.87409006716521e-08
"preCG-excitatory-14","Ex5",2.27817104786736e-12
"preCG-excitatory-14","Ex6",1
"preCG-excitatory-14","Ex7",2.24404157759128e-27
"preCG-excitatory-14","Ex8",0.510628317687592
"preCG-excitatory-14","Ex9",0.0121813018317415
"preCG-excitatory-18","Ex0",5.04307494660722e-10
"preCG-excitatory-18","Ex1",1.67064026661251e-15
"preCG-excitatory-18","Ex11",4.53417031819701e-06
"preCG-excitatory-18","Ex12",1.9949960345838e-35
"preCG-excitatory-18","Ex14",3.48251642467321e-101
"preCG-excitatory-18","Ex2",1.50527219451691e-16
"preCG-excitatory-18","Ex3",1.44789232589386e-06
"preCG-excitatory-18","Ex4",0.602936353756651
"preCG-excitatory-18","Ex5",4.69199518317773e-11
"preCG-excitatory-18","Ex6",0.439294375593834
"preCG-excitatory-18","Ex7",7.01875227338195e-11
"preCG-excitatory-18","Ex8",0.510628317687592
"preCG-excitatory-18","Ex9",3.91074890355147e-25
"preCG-excitatory-3","Ex0",5.72703658574905e-27
"preCG-excitatory-3","Ex1",0.00608394950779296
"preCG-excitatory-3","Ex11",4.53417031819701e-06
"preCG-excitatory-3","Ex12",9.07863511757921e-06
"preCG-excitatory-3","Ex14",1.21140597161485e-13
"preCG-excitatory-3","Ex2",7.11291575035371e-08
"preCG-excitatory-3","Ex3",7.91689036175383e-09
"preCG-excitatory-3","Ex4",3.05312689206929e-05
"preCG-excitatory-3","Ex5",0.220214361738508
"preCG-excitatory-3","Ex6",0.160969631706965
"preCG-excitatory-3","Ex7",0.000846046923972205
"preCG-excitatory-3","Ex8",0.00482756296158385
"preCG-excitatory-3","Ex9",4.44087957848225e-07
"preCG-excitatory-4","Ex0",1
"preCG-excitatory-4","Ex1",8.00622965783428e-45
"preCG-excitatory-4","Ex11",0.0021182821108438
"preCG-excitatory-4","Ex12",2.7342101895148e-26
"preCG-excitatory-4","Ex14",3.17592731692415e-18
"preCG-excitatory-4","Ex2",1.49352426650906e-35
"preCG-excitatory-4","Ex3",1.61862396185718e-05
"preCG-excitatory-4","Ex4",0.602936353756651
"preCG-excitatory-4","Ex5",1.28719884305284e-13
"preCG-excitatory-4","Ex6",0.104851903427625
"preCG-excitatory-4","Ex7",4.76949212411483e-12
"preCG-excitatory-4","Ex8",0.510628317687592
"preCG-excitatory-4","Ex9",3.52012255508779e-15
"preCG-excitatory-5","Ex0",1.5907854272193e-13
"preCG-excitatory-5","Ex1",2.02931126667225e-06
"preCG-excitatory-5","Ex11",2.1885247380551e-05
"preCG-excitatory-5","Ex12",7.36531197762142e-11
"preCG-excitatory-5","Ex14",1.15531630210441e-12
"preCG-excitatory-5","Ex2",1.06911335127895e-47
"preCG-excitatory-5","Ex3",0.000150157578880658
"preCG-excitatory-5","Ex4",0.000257774856755407
"preCG-excitatory-5","Ex5",1.1298683573501e-08
"preCG-excitatory-5","Ex6",1
"preCG-excitatory-5","Ex7",2.37754001132407e-24
"preCG-excitatory-5","Ex8",1
"preCG-excitatory-5","Ex9",4.00859332205525e-07
"preCG-excitatory-6","Ex0",3.48784084678443e-11
"preCG-excitatory-6","Ex1",6.75685815428605e-27
"preCG-excitatory-6","Ex11",0.00198710740364662
"preCG-excitatory-6","Ex12",3.48518004346601e-90
"preCG-excitatory-6","Ex14",1.05056646980563e-28
"preCG-excitatory-6","Ex2",3.48784084678443e-11
"preCG-excitatory-6","Ex3",2.51658672387979e-11
"preCG-excitatory-6","Ex4",0.602936353756651
"preCG-excitatory-6","Ex5",2.04198071887933e-05
"preCG-excitatory-6","Ex6",0.439294375593834
"preCG-excitatory-6","Ex7",0.000111141625126408
"preCG-excitatory-6","Ex8",1
"preCG-excitatory-6","Ex9",1.65651325348502e-84
"preCG-excitatory-7","Ex0",0.681335549158932
"preCG-excitatory-7","Ex1",5.07365457001517e-33
"preCG-excitatory-7","Ex11",0.0021182821108438
"preCG-excitatory-7","Ex12",1.11299753189637e-20
"preCG-excitatory-7","Ex14",1.93166230081693e-19
"preCG-excitatory-7","Ex2",1.49352426650906e-35
"preCG-excitatory-7","Ex3",1.44789232589386e-06
"preCG-excitatory-7","Ex4",1
"preCG-excitatory-7","Ex5",8.75230721286435e-18
"preCG-excitatory-7","Ex6",0.104851903427625
"preCG-excitatory-7","Ex7",1.54349056550304e-14
"preCG-excitatory-7","Ex8",0.510628317687592
"preCG-excitatory-7","Ex9",5.84411799535483e-13
"preCG-excitatory-9","Ex0",3.48696323468473e-98
"preCG-excitatory-9","Ex1",1
"preCG-excitatory-9","Ex11",0.00747219680192886
"preCG-excitatory-9","Ex12",1.10691714186864e-06
"preCG-excitatory-9","Ex14",3.26253164350006e-05
"preCG-excitatory-9","Ex2",4.517418883365e-50
"preCG-excitatory-9","Ex3",7.91689036175383e-09
"preCG-excitatory-9","Ex4",1.42401677411615e-09
"preCG-excitatory-9","Ex5",0.591799219213603
"preCG-excitatory-9","Ex6",0.275505181491282
"preCG-excitatory-9","Ex7",0.105579211873202
"preCG-excitatory-9","Ex8",0.032124969482438
"preCG-excitatory-9","Ex9",5.76233795659112e-08
"insula-excitatory-0","Ex0",6.24113167880904e-09
"insula-excitatory-0","Ex1",1.19473672163967e-10
"insula-excitatory-0","Ex11",4.26908699305489e-113
"insula-excitatory-0","Ex12",1.80890299966344e-15
"insula-excitatory-0","Ex14",3.17592731692415e-18
"insula-excitatory-0","Ex2",2.29242618462801e-06
"insula-excitatory-0","Ex3",5.38569376287782e-47
"insula-excitatory-0","Ex4",0.235985127954747
"insula-excitatory-0","Ex5",2.37265838376404e-16
"insula-excitatory-0","Ex6",0.439294375593834
"insula-excitatory-0","Ex7",1.54349056550304e-14
"insula-excitatory-0","Ex8",0.510628317687592
"insula-excitatory-0","Ex9",3.91074890355147e-25
"insula-excitatory-1","Ex0",6.44638894214979e-16
"insula-excitatory-1","Ex1",8.53813211344899e-12
"insula-excitatory-1","Ex11",4.54795050775878e-24
"insula-excitatory-1","Ex12",1.34989993477582e-38
"insula-excitatory-1","Ex14",1.29193095626684e-08
"insula-excitatory-1","Ex2",1.08979234841441e-14
"insula-excitatory-1","Ex3",1.20832717039946e-84
"insula-excitatory-1","Ex4",0.235985127954747
"insula-excitatory-1","Ex5",2.02931126667225e-06
"insula-excitatory-1","Ex6",0.439294375593834
"insula-excitatory-1","Ex7",1.46008693304294e-07
"insula-excitatory-1","Ex8",0.510628317687592
"insula-excitatory-1","Ex9",1.69196924636905e-22
"insula-excitatory-10","Ex0",6.24113167880904e-09
"insula-excitatory-10","Ex1",2.40024391776043e-22
"insula-excitatory-10","Ex11",3.51017265622154e-10
"insula-excitatory-10","Ex12",4.63027092047952e-126
"insula-excitatory-10","Ex14",2.35419094259838e-31
"insula-excitatory-10","Ex2",6.80793008648353e-13
"insula-excitatory-10","Ex3",1.7500175879293e-32
"insula-excitatory-10","Ex4",1
"insula-excitatory-10","Ex5",1.65157824264026e-07
"insula-excitatory-10","Ex6",0.104851903427625
"insula-excitatory-10","Ex7",0.0260976312742712
"insula-excitatory-10","Ex8",0.510628317687592
"insula-excitatory-10","Ex9",1.03078272524557e-57
"insula-excitatory-13","Ex0",5.56013833667354e-06
"insula-excitatory-13","Ex1",2.97205310879031e-36
"insula-excitatory-13","Ex11",1.96410170896206e-08
"insula-excitatory-13","Ex12",2.73920811521529e-79
"insula-excitatory-13","Ex14",5.13201101500682e-110
"insula-excitatory-13","Ex2",1.78873187370725e-09
"insula-excitatory-13","Ex3",2.82249651754574e-11
"insula-excitatory-13","Ex4",0.235985127954747
"insula-excitatory-13","Ex5",8.37706148564043e-24
"insula-excitatory-13","Ex6",0.104851903427625
"insula-excitatory-13","Ex7",1.54349056550304e-14
"insula-excitatory-13","Ex8",0.510628317687592
"insula-excitatory-13","Ex9",1.36810017028e-68
"insula-excitatory-2","Ex0",4.29497887067941e-114
"insula-excitatory-2","Ex1",0.33677565067505
"insula-excitatory-2","Ex11",0.00747219680192886
"insula-excitatory-2","Ex12",0.00258594150469897
"insula-excitatory-2","Ex14",0.00422707962238323
"insula-excitatory-2","Ex2",1.49352426650906e-35
"insula-excitatory-2","Ex3",0.000157563603416855
"insula-excitatory-2","Ex4",2.62763939861328e-13
"insula-excitatory-2","Ex5",0.591799219213603
"insula-excitatory-2","Ex6",0.00468090327066059
"insula-excitatory-2","Ex7",0.00507444268070617
"insula-excitatory-2","Ex8",0.032124969482438
"insula-excitatory-2","Ex9",0.003169455741658
"insula-excitatory-3","Ex0",1
"insula-excitatory-3","Ex1",3.7289357573346e-18
"insula-excitatory-3","Ex11",2.78464592375403e-09
"insula-excitatory-3","Ex12",1.11299753189637e-20
"insula-excitatory-3","Ex14",5.97070728263675e-30
"insula-excitatory-3","Ex2",1.50527219451691e-16
"insula-excitatory-3","Ex3",7.91689036175383e-09
"insula-excitatory-3","Ex4",1
"insula-excitatory-3","Ex5",7.85569157235347e-77
"insula-excitatory-3","Ex6",0.104851903427625
"insula-excitatory-3","Ex7",3.02017768224022e-24
"insula-excitatory-3","Ex8",0.156322047030412
"insula-excitatory-3","Ex9",5.76233795659112e-08
"insula-excitatory-4","Ex0",0.149184790319544
"insula-excitatory-4","Ex1",4.65111135199717e-111
"insula-excitatory-4","Ex11",1.96410170896206e-08
"insula-excitatory-4","Ex12",5.5276507296679e-37
"insula-excitatory-4","Ex14",3.71531056421543e-37
"insula-excitatory-4","Ex2",1.08979234841441e-14
"insula-excitatory-4","Ex3",1.42110825132062e-12
"insula-excitatory-4","Ex4",0.602936353756651
"insula-excitatory-4","Ex5",8.37706148564043e-24
"insula-excitatory-4","Ex6",0.439294375593834
"insula-excitatory-4","Ex7",1.64128221556572e-18
"insula-excitatory-4","Ex8",0.156322047030412
"insula-excitatory-4","Ex9",7.5798934177205e-28
"insula-excitatory-5","Ex0",1.59103502708224e-91
"insula-excitatory-5","Ex1",0.115407749477019
"insula-excitatory-5","Ex11",0.0243112226392338
"insula-excitatory-5","Ex12",9.07863511757921e-06
"insula-excitatory-5","Ex14",0.000933382946824991
"insula-excitatory-5","Ex2",7.7879749196451e-38
"insula-excitatory-5","Ex3",1.61862396185718e-05
"insula-excitatory-5","Ex4",2.03478625242061e-08
"insula-excitatory-5","Ex5",0.220214361738508
"insula-excitatory-5","Ex6",0.275505181491282
"insula-excitatory-5","Ex7",0.105579211873202
"insula-excitatory-5","Ex8",0.032124969482438
"insula-excitatory-5","Ex9",2.10465710268391e-05
"insula-excitatory-6","Ex0",2.16450446042252e-116
"insula-excitatory-6","Ex1",0.33677565067505
"insula-excitatory-6","Ex11",0.00747219680192886
"insula-excitatory-6","Ex12",0.0522607607368518
"insula-excitatory-6","Ex14",0.000933382946824991
"insula-excitatory-6","Ex2",1.49352426650906e-35
"insula-excitatory-6","Ex3",0.000157563603416855
"insula-excitatory-6","Ex4",2.62763939861328e-13
"insula-excitatory-6","Ex5",0.591799219213603
"insula-excitatory-6","Ex6",0.0147612850783537
"insula-excitatory-6","Ex7",0.00507444268070617
"insula-excitatory-6","Ex8",0.00482756296158385
"insula-excitatory-6","Ex9",0.133039991682741
"insula-excitatory-7","Ex0",0.0435660367553047
"insula-excitatory-7","Ex1",1.67064026661251e-15
"insula-excitatory-7","Ex11",5.15723943409697e-15
"insula-excitatory-7","Ex12",6.6977032703553e-12
"insula-excitatory-7","Ex14",7.69778414458036e-26
"insula-excitatory-7","Ex2",1.81048336656922e-20
"insula-excitatory-7","Ex3",7.91689036175383e-09
"insula-excitatory-7","Ex4",0.235985127954747
"insula-excitatory-7","Ex5",6.30319952419863e-32
"insula-excitatory-7","Ex6",0.104851903427625
"insula-excitatory-7","Ex7",8.52052291490908e-79
"insula-excitatory-7","Ex8",1
"insula-excitatory-7","Ex9",4.44087957848225e-07
"insula-excitatory-8","Ex0",6.36963405261635e-07
"insula-excitatory-8","Ex1",5.07365457001517e-33
"insula-excitatory-8","Ex11",4.33442130637993e-11
"insula-excitatory-8","Ex12",2.73920811521529e-79
"insula-excitatory-8","Ex14",3.29814201439386e-40
"insula-excitatory-8","Ex2",2.29242618462801e-06
"insula-excitatory-8","Ex3",4.00541423042705e-21
"insula-excitatory-8","Ex4",1
"insula-excitatory-8","Ex5",4.69199518317773e-11
"insula-excitatory-8","Ex6",0.104851903427625
"insula-excitatory-8","Ex7",1.29193095626684e-08
"insula-excitatory-8","Ex8",1
"insula-excitatory-8","Ex9",1.12204170743894e-125
"calcarine-excitatory-0","Ex0",1
"calcarine-excitatory-0","Ex1",1.6934695876947e-41
"calcarine-excitatory-0","Ex11",1.14081517209605e-07
"calcarine-excitatory-0","Ex12",1.49876338989045e-23
"calcarine-excitatory-0","Ex14",4.75031747021012e-22
"calcarine-excitatory-0","Ex2",9.65585855043707e-27
"calcarine-excitatory-0","Ex3",1.04960593835085e-07
"calcarine-excitatory-0","Ex4",1
"calcarine-excitatory-0","Ex5",4.26595150323204e-11
"calcarine-excitatory-0","Ex6",0.159593976703895
"calcarine-excitatory-0","Ex7",2.46202042539022e-13
"calcarine-excitatory-0","Ex8",2.14255755178267e-08
"calcarine-excitatory-0","Ex9",6.09525828184363e-11
"calcarine-excitatory-1","Ex0",1.60706119421458e-31
"calcarine-excitatory-1","Ex1",0.115407749477019
"calcarine-excitatory-1","Ex11",0.403723291864228
"calcarine-excitatory-1","Ex12",1.10691714186864e-06
"calcarine-excitatory-1","Ex14",0.000184437719577832
"calcarine-excitatory-1","Ex2",1.49352426650906e-35
"calcarine-excitatory-1","Ex3",0.00132315585945127
"calcarine-excitatory-1","Ex4",0.000271373895057231
"calcarine-excitatory-1","Ex5",0.220214361738508
"calcarine-excitatory-1","Ex6",0.812569609941273
"calcarine-excitatory-1","Ex7",0.317998608640773
"calcarine-excitatory-1","Ex8",5.74128024728757e-05
"calcarine-excitatory-1","Ex9",5.76233795659112e-08
"calcarine-excitatory-10","Ex0",0.0214683552231951
"calcarine-excitatory-10","Ex1",8.38869893431962e-16
"calcarine-excitatory-10","Ex11",0.529296675969508
"calcarine-excitatory-10","Ex12",1.39150477454841e-07
"calcarine-excitatory-10","Ex14",1.67064026661251e-15
"calcarine-excitatory-10","Ex2",1.35877320802511e-30
"calcarine-excitatory-10","Ex3",0.00429359902572573
"calcarine-excitatory-10","Ex4",0.533572403152412
"calcarine-excitatory-10","Ex5",3.45092678922179e-12
"calcarine-excitatory-10","Ex6",0.780834046914897
"calcarine-excitatory-10","Ex7",5.58388308718006e-22
"calcarine-excitatory-10","Ex8",0.111564554034587
"calcarine-excitatory-10","Ex9",0.00457432055714782
"calcarine-excitatory-12","Ex0",4.43810436569085e-05
"calcarine-excitatory-12","Ex1",2.18638127304891e-06
"calcarine-excitatory-12","Ex11",7.51242541383281e-54
"calcarine-excitatory-12","Ex12",6.6977032703553e-12
"calcarine-excitatory-12","Ex14",1.52406655987453e-11
"calcarine-excitatory-12","Ex2",6.80793008648353e-13
"calcarine-excitatory-12","Ex3",4.87638720345055e-10
"calcarine-excitatory-12","Ex4",0.602936353756651
"calcarine-excitatory-12","Ex5",2.02931126667225e-06
"calcarine-excitatory-12","Ex6",1.63721261913794e-05
"calcarine-excitatory-12","Ex7",0.000846046923972205
"calcarine-excitatory-12","Ex8",6.79418647724485e-11
"calcarine-excitatory-12","Ex9",6.73613950371388e-12
"calcarine-excitatory-13","Ex0",2.12276769617784e-06
"calcarine-excitatory-13","Ex1",0.000198545665521719
"calcarine-excitatory-13","Ex11",0.01038525063585
"calcarine-excitatory-13","Ex12",0.000450899933192674
"calcarine-excitatory-13","Ex14",0.258867973775921
"calcarine-excitatory-13","Ex2",4.0538892073756e-30
"calcarine-excitatory-13","Ex3",0.339921183923547
"calcarine-excitatory-13","Ex4",0.0727944332859799
"calcarine-excitatory-13","Ex5",1.23770734926865e-07
"calcarine-excitatory-13","Ex6",0.690975896567565
"calcarine-excitatory-13","Ex7",7.08415122119821e-11
"calcarine-excitatory-13","Ex8",0.293201697913267
"calcarine-excitatory-13","Ex9",0.607495914391904
"calcarine-excitatory-14","Ex0",0.00937200963890163
"calcarine-excitatory-14","Ex1",0.000145166663409182
"calcarine-excitatory-14","Ex11",0.0658500483391371
"calcarine-excitatory-14","Ex12",0.0024649425747539
"calcarine-excitatory-14","Ex14",0.00400802196381711
"calcarine-excitatory-14","Ex2",6.75952410643357e-29
"calcarine-excitatory-14","Ex3",0.0502723585320887
"calcarine-excitatory-14","Ex4",2.74258089242162e-06
"calcarine-excitatory-14","Ex5",1.90479682006522e-06
"calcarine-excitatory-14","Ex6",0.599081637805294
"calcarine-excitatory-14","Ex7",1.33873493648252e-07
"calcarine-excitatory-14","Ex8",4.71409866431436e-18
"calcarine-excitatory-14","Ex9",1
"calcarine-excitatory-16","Ex0",0.00763254476917234
"calcarine-excitatory-16","Ex1",3.10279446937758e-21
"calcarine-excitatory-16","Ex11",8.3784313784885e-10
"calcarine-excitatory-16","Ex12",4.85059630782813e-35
"calcarine-excitatory-16","Ex14",1.88006984585263e-58
"calcarine-excitatory-16","Ex2",1.77794630381693e-07
"calcarine-excitatory-16","Ex3",0.000121988974514935
"calcarine-excitatory-16","Ex4",0.442862473690622
"calcarine-excitatory-16","Ex5",3.70855594946233e-08
"calcarine-excitatory-16","Ex6",1
"calcarine-excitatory-16","Ex7",4.87985243991167e-05
"calcarine-excitatory-16","Ex8",0.356547371918825
"calcarine-excitatory-16","Ex9",3.11572502976444e-17
"calcarine-excitatory-2","Ex0",6.24113167880904e-09
"calcarine-excitatory-2","Ex1",2.18282659682336e-07
"calcarine-excitatory-2","Ex11",0.0683460730236322
"calcarine-excitatory-2","Ex12",8.41587851202692e-11
"calcarine-excitatory-2","Ex14",1.52406655987453e-11
"calcarine-excitatory-2","Ex2",1.38227409040396e-47
"calcarine-excitatory-2","Ex3",0.0513945108902192
"calcarine-excitatory-2","Ex4",0.235985127954747
"calcarine-excitatory-2","Ex5",4.69199518317773e-11
"calcarine-excitatory-2","Ex6",0.104851903427625
"calcarine-excitatory-2","Ex7",2.80500385337728e-13
"calcarine-excitatory-2","Ex8",0.510628317687592
"calcarine-excitatory-2","Ex9",0.133039991682741
"calcarine-excitatory-3","Ex0",0.681335549158932
"calcarine-excitatory-3","Ex1",0.00586817667016817
"calcarine-excitatory-3","Ex11",2.96813150450089e-10
"calcarine-excitatory-3","Ex12",0.683315901994637
"calcarine-excitatory-3","Ex14",0.504697567980006
"calcarine-excitatory-3","Ex2",0.212194774497689
"calcarine-excitatory-3","Ex3",0.574842248606296
"calcarine-excitatory-3","Ex4",0.0637954935002092
"calcarine-excitatory-3","Ex5",0.219298691973973
"calcarine-excitatory-3","Ex6",7.06539854993363e-50
"calcarine-excitatory-3","Ex7",1
"calcarine-excitatory-3","Ex8",3.924270400227e-52
"calcarine-excitatory-3","Ex9",0.495706863281609
"calcarine-excitatory-4","Ex0",0.681335549158932
"calcarine-excitatory-4","Ex1",0.00608394950779296
"calcarine-excitatory-4","Ex11",1
"calcarine-excitatory-4","Ex12",0.683315901994637
"calcarine-excitatory-4","Ex14",0.505911193760848
"calcarine-excitatory-4","Ex2",0.213538615854909
"calcarine-excitatory-4","Ex3",0.577333734333971
"calcarine-excitatory-4","Ex4",8.4886418380956e-11
"calcarine-excitatory-4","Ex5",1
"calcarine-excitatory-4","Ex6",6.40532311682065e-16
"calcarine-excitatory-4","Ex7",0.680411431752603
"calcarine-excitatory-4","Ex8",2.67170853262381e-109
"calcarine-excitatory-4","Ex9",0.496434221499163
"calcarine-excitatory-5","Ex0",4.14149002846256e-05
"calcarine-excitatory-5","Ex1",5.04816666732025e-21
"calcarine-excitatory-5","Ex11",4.07632008509719e-06
"calcarine-excitatory-5","Ex12",1.24207131565151e-65
"calcarine-excitatory-5","Ex14",1.20938745305975e-24
"calcarine-excitatory-5","Ex2",6.29707947818432e-13
"calcarine-excitatory-5","Ex3",7.33223167547713e-09
"calcarine-excitatory-5","Ex4",1
"calcarine-excitatory-5","Ex5",0.0559347096502345
"calcarine-excitatory-5","Ex6",0.159593976703895
"calcarine-excitatory-5","Ex7",0.00080788391373696
"calcarine-excitatory-5","Ex8",0.15512556698992
"calcarine-excitatory-5","Ex9",2.00190626158987e-49
"calcarine-excitatory-7","Ex0",0.000311663717533831
"calcarine-excitatory-7","Ex1",1.59268431465406e-19
"calcarine-excitatory-7","Ex11",2.41800786584308e-05
"calcarine-excitatory-7","Ex12",4.87197844098112e-22
"calcarine-excitatory-7","Ex14",3.52457469564368e-27
"calcarine-excitatory-7","Ex2",1.50527219451691e-16
"calcarine-excitatory-7","Ex3",0.00132315585945127
"calcarine-excitatory-7","Ex4",0.602936353756651
"calcarine-excitatory-7","Ex5",1.28719884305284e-13
"calcarine-excitatory-7","Ex6",0.812569609941273
"calcarine-excitatory-7","Ex7",1.64128221556572e-18
"calcarine-excitatory-7","Ex8",0.156322047030412
"calcarine-excitatory-7","Ex9",6.88722592873575e-09
"calcarine-excitatory-8","Ex0",4.0538892073756e-30
"calcarine-excitatory-8","Ex1",0.11379020684179
"calcarine-excitatory-8","Ex11",0.792487990452743
"calcarine-excitatory-8","Ex12",1.08407704178067e-07
"calcarine-excitatory-8","Ex14",0.000882341710042312
"calcarine-excitatory-8","Ex2",3.46538132811246e-50
"calcarine-excitatory-8","Ex3",0.00872980908402856
"calcarine-excitatory-8","Ex4",2.74258089242162e-06
"calcarine-excitatory-8","Ex5",0.0559347096502345
"calcarine-excitatory-8","Ex6",0.812569609941273
"calcarine-excitatory-8","Ex7",0.00080788391373696
"calcarine-excitatory-8","Ex8",0.000560127188558171
"calcarine-excitatory-8","Ex9",1.94021747055212e-05
"preCG-inhibitory-0","In0",1.08329871169258e-77
"preCG-inhibitory-0","In1",0.0358414308640359
"preCG-inhibitory-0","In10",1
"preCG-inhibitory-0","In11",5.31205495931386e-06
"preCG-inhibitory-0","In2",4.29176444235716e-12
"preCG-inhibitory-0","In3",0.831307403378747
"preCG-inhibitory-0","In4",3.64005214548849e-08
"preCG-inhibitory-0","In5",0.870069836891035
"preCG-inhibitory-0","In6",0.0203482505137129
"preCG-inhibitory-0","In7",1.00445116289155e-43
"preCG-inhibitory-0","In8",0.486053837428089
"preCG-inhibitory-0","In9",4.24951822547027e-18
"preCG-inhibitory-1","In0",0.153963916993559
"preCG-inhibitory-1","In1",0.21414820549194
"preCG-inhibitory-1","In10",3.30649104059554e-11
"preCG-inhibitory-1","In11",0.00233826178072097
"preCG-inhibitory-1","In2",5.31205495931386e-06
"preCG-inhibitory-1","In3",3.66482878028587e-16
"preCG-inhibitory-1","In4",2.75756877795676e-07
"preCG-inhibitory-1","In5",1.64669145132114e-78
"preCG-inhibitory-1","In6",0.0203482505137129
"preCG-inhibitory-1","In7",0.841671742306434
"preCG-inhibitory-1","In8",2.43540719522533e-48
"preCG-inhibitory-1","In9",4.39941128572704e-13
"preCG-inhibitory-2","In0",3.75345987661433e-07
"preCG-inhibitory-2","In1",0.831307403378747
"preCG-inhibitory-2","In10",0.0344948961908694
"preCG-inhibitory-2","In11",5.42565933560336e-25
"preCG-inhibitory-2","In2",1.42001890921608e-81
"preCG-inhibitory-2","In3",0.21414820549194
"preCG-inhibitory-2","In4",2.7273426819573e-33
"preCG-inhibitory-2","In5",0.24011758406581
"preCG-inhibitory-2","In6",0.180846390256554
"preCG-inhibitory-2","In7",2.49221791324841e-15
"preCG-inhibitory-2","In8",0.275302505667387
"preCG-inhibitory-2","In9",0.38923079596862
"preCG-inhibitory-3","In0",0.0335571565937825
"preCG-inhibitory-3","In1",6.75709524361597e-34
"preCG-inhibitory-3","In10",0.478948647202183
"preCG-inhibitory-3","In11",0.1112123871545
"preCG-inhibitory-3","In2",0.0068632013222328
"preCG-inhibitory-3","In3",1.9137911170264e-05
"preCG-inhibitory-3","In4",1.21244377759992e-05
"preCG-inhibitory-3","In5",0.112779000512468
"preCG-inhibitory-3","In6",2.93909229886252e-39
"preCG-inhibitory-3","In7",0.510253545188514
"preCG-inhibitory-3","In8",0.363966525926088
"preCG-inhibitory-3","In9",0.000509717808560327
"preCG-inhibitory-4","In0",1
"preCG-inhibitory-4","In1",4.10284547447482e-13
"preCG-inhibitory-4","In10",5.318956839983e-22
"preCG-inhibitory-4","In11",0.000255115557630427
"preCG-inhibitory-4","In2",0.000123126467464454
"preCG-inhibitory-4","In3",8.48929989382041e-69
"preCG-inhibitory-4","In4",2.75756877795676e-07
"preCG-inhibitory-4","In5",3.34381332276179e-17
"preCG-inhibitory-4","In6",3.30649104059554e-11
"preCG-inhibitory-4","In7",0.510253545188514
"preCG-inhibitory-4","In8",0.00886864881311523
"preCG-inhibitory-4","In9",0.000144002341461312
"preCG-inhibitory-5","In0",1
"preCG-inhibitory-5","In1",1.02529247834934e-52
"preCG-inhibitory-5","In10",7.57608305148629e-05
"preCG-inhibitory-5","In11",0.24011758406581
"preCG-inhibitory-5","In2",0.000123126467464454
"preCG-inhibitory-5","In3",1.77862180142743e-08
"preCG-inhibitory-5","In4",0.0195679929590862
"preCG-inhibitory-5","In5",0.0446370779955822
"preCG-inhibitory-5","In6",2.25203256121487e-30
"preCG-inhibitory-5","In7",0.150029169678288
"preCG-inhibitory-5","In8",0.0888173997963408
"preCG-inhibitory-5","In9",0.00177804668921971
"preCG-inhibitory-6","In0",7.81664822909153e-76
"preCG-inhibitory-6","In1",0.21414820549194
"preCG-inhibitory-6","In10",0.65412420397649
"preCG-inhibitory-6","In11",2.70554173841862e-07
"preCG-inhibitory-6","In2",4.3768743455006e-13
"preCG-inhibitory-6","In3",0.65412420397649
"preCG-inhibitory-6","In4",4.62299883313985e-10
"preCG-inhibitory-6","In5",0.178763776848837
"preCG-inhibitory-6","In6",0.181833257642126
"preCG-inhibitory-6","In7",6.84203747845363e-47
"preCG-inhibitory-6","In8",0.744261289686117
"preCG-inhibitory-6","In9",4.39941128572704e-13
"preCG-inhibitory-7","In0",3.15222934884912e-05
"preCG-inhibitory-7","In1",0.0344948961908694
"preCG-inhibitory-7","In10",0.831307403378747
"preCG-inhibitory-7","In11",0.000714332870477215
"preCG-inhibitory-7","In2",0.831307403378747
"preCG-inhibitory-7","In3",0.831307403378747
"preCG-inhibitory-7","In4",0.604906409738565
"preCG-inhibitory-7","In5",0.870069836891035
"preCG-inhibitory-7","In6",0.45945412974175
"preCG-inhibitory-7","In7",0.654895832782322
"preCG-inhibitory-7","In8",0.482675862009586
"preCG-inhibitory-7","In9",0.52049689763298
"preCG-inhibitory-9","In0",3.56740756938585e-18
"preCG-inhibitory-9","In1",0.0358414308640359
"preCG-inhibitory-9","In10",7.57608305148629e-05
"preCG-inhibitory-9","In11",0.594977483162323
"preCG-inhibitory-9","In2",0.000504486328891914
"preCG-inhibitory-9","In3",0.0369701908758278
"preCG-inhibitory-9","In4",0.000305685356859522
"preCG-inhibitory-9","In5",3.15923346423122e-07
"preCG-inhibitory-9","In6",0.0540674224684011
"preCG-inhibitory-9","In7",4.70708333825679e-05
"preCG-inhibitory-9","In8",8.06954570998395e-08
"preCG-inhibitory-9","In9",1.38107111798214e-104
"insula-inhibitory-0","In0",0.00132764631010723
"insula-inhibitory-0","In1",3.47071465951392e-06
"insula-inhibitory-0","In10",0.00413459059899107
"insula-inhibitory-0","In11",0.000255115557630427
"insula-inhibitory-0","In2",0.000123126467464454
"insula-inhibitory-0","In3",3.81001278270437e-06
"insula-inhibitory-0","In4",0.0195679929590862
"insula-inhibitory-0","In5",0.0223527018568728
"insula-inhibitory-0","In6",0.000472408468882196
"insula-inhibitory-0","In7",0.000192946122060877
"insula-inhibitory-0","In8",0.0184861120285444
"insula-inhibitory-0","In9",1.81049336993915e-06
"insula-inhibitory-1","In0",0.45681954469696
"insula-inhibitory-1","In1",0.478948647202183
"insula-inhibitory-1","In10",3.84282937459267e-12
"insula-inhibitory-1","In11",0.0426191373919344
"insula-inhibitory-1","In2",0.000123126467464454
"insula-inhibitory-1","In3",4.42024931854327e-12
"insula-inhibitory-1","In4",0.000305685356859522
"insula-inhibitory-1","In5",3.15911521479972e-84
"insula-inhibitory-1","In6",2.46521549591778e-05
"insula-inhibitory-1","In7",0.510253545188514
"insula-inhibitory-1","In8",3.75645234780362e-64
"insula-inhibitory-1","In9",1.03261477037096e-08
"insula-inhibitory-10","In0",3.03776476614051e-37
"insula-inhibitory-10","In1",0.21414820549194
"insula-inhibitory-10","In10",0.831307403378747
"insula-inhibitory-10","In11",0.0426191373919344
"insula-inhibitory-10","In2",0.0068632013222328
"insula-inhibitory-10","In3",0.65412420397649
"insula-inhibitory-10","In4",0.00551457221717517
"insula-inhibitory-10","In5",0.112779000512468
"insula-inhibitory-10","In6",0.0540674224684011
"insula-inhibitory-10","In7",2.61988032595105e-17
"insula-inhibitory-10","In8",0.0516287590680506
"insula-inhibitory-10","In9",2.479817108924e-31
"insula-inhibitory-11","In0",0.001212756781441
"insula-inhibitory-11","In1",0.339454923197965
"insula-inhibitory-11","In10",0.831307403378747
"insula-inhibitory-11","In11",0.0207126518267388
"insula-inhibitory-11","In2",0.63857942022496
"insula-inhibitory-11","In3",0.65412420397649
"insula-inhibitory-11","In4",0.604906409738565
"insula-inhibitory-11","In5",0.0681516542187784
"insula-inhibitory-11","In6",0.113353779724908
"insula-inhibitory-11","In7",0.146917803722908
"insula-inhibitory-11","In8",1
"insula-inhibitory-11","In9",0.52049689763298
"insula-inhibitory-2","In0",3.02003495341893e-50
"insula-inhibitory-2","In1",0.65412420397649
"insula-inhibitory-2","In10",0.478948647202183
"insula-inhibitory-2","In11",0.000255115557630427
"insula-inhibitory-2","In2",1.48701626646351e-07
"insula-inhibitory-2","In3",0.65412420397649
"insula-inhibitory-2","In4",0.000305685356859522
"insula-inhibitory-2","In5",0.112779000512468
"insula-inhibitory-2","In6",0.308629648334157
"insula-inhibitory-2","In7",9.72393400209284e-31
"insula-inhibitory-2","In8",0.189638280570635
"insula-inhibitory-2","In9",4.56365126165091e-17
"insula-inhibitory-3","In0",1
"insula-inhibitory-3","In1",3.84998274046322e-60
"insula-inhibitory-3","In10",0.000286283728377182
"insula-inhibitory-3","In11",0.1760628224204
"insula-inhibitory-3","In2",2.46521549591778e-05
"insula-inhibitory-3","In3",2.0879705371315e-09
"insula-inhibitory-3","In4",5.97978721920584e-05
"insula-inhibitory-3","In5",1
"insula-inhibitory-3","In6",5.50688148618646e-51
"insula-inhibitory-3","In7",1
"insula-inhibitory-3","In8",0.187113939961813
"insula-inhibitory-3","In9",0.056890716034501
"insula-inhibitory-4","In0",1
"insula-inhibitory-4","In1",1.89035055042734e-17
"insula-inhibitory-4","In10",6.11368890857043e-30
"insula-inhibitory-4","In11",0.000230708059672273
"insula-inhibitory-4","In2",8.0668850481437e-07
"insula-inhibitory-4","In3",2.28823169847723e-65
"insula-inhibitory-4","In4",1.11074387116222e-05
"insula-inhibitory-4","In5",2.15604362928691e-16
"insula-inhibitory-4","In6",4.606412920229e-25
"insula-inhibitory-4","In7",0.146917803722908
"insula-inhibitory-4","In8",7.43569481938162e-05
"insula-inhibitory-4","In9",0.0051939428910123
"insula-inhibitory-5","In0",0.00132764631010723
"insula-inhibitory-5","In1",0.126287069370528
"insula-inhibitory-5","In10",7.57608305148629e-05
"insula-inhibitory-5","In11",3.65766382561078e-37
"insula-inhibitory-5","In2",8.56671124708505e-90
"insula-inhibitory-5","In3",0.0369701908758278
"insula-inhibitory-5","In4",7.32512953067184e-43
"insula-inhibitory-5","In5",0.0223527018568728
"insula-inhibitory-5","In6",0.00182168376124559
"insula-inhibitory-5","In7",1.52265446581883e-09
"insula-inhibitory-5","In8",0.0516287590680506
"insula-inhibitory-5","In9",0.259451671117413
"insula-inhibitory-6","In0",3.55774744762204e-05
"insula-inhibitory-6","In1",1.7406176297727e-05
"insula-inhibitory-6","In10",0.0358414308640359
"insula-inhibitory-6","In11",0.00233826178072097
"insula-inhibitory-6","In2",0.000504486328891914
"insula-inhibitory-6","In3",3.81001278270437e-06
"insula-inhibitory-6","In4",0.14508781745348
"insula-inhibitory-6","In5",0.241791982629268
"insula-inhibitory-6","In6",0.00182168376124559
"insula-inhibitory-6","In7",4.70708333825679e-05
"insula-inhibitory-6","In8",0.363966525926088
"insula-inhibitory-6","In9",3.36989427054336e-07
"insula-inhibitory-7","In0",0.45681954469696
"insula-inhibitory-7","In1",2.54435433875735e-41
"insula-inhibitory-7","In10",0.00413459059899107
"insula-inhibitory-7","In11",0.1112123871545
"insula-inhibitory-7","In2",0.000504486328891914
"insula-inhibitory-7","In3",2.47056222993021e-09
"insula-inhibitory-7","In4",1.21244377759992e-05
"insula-inhibitory-7","In5",0.00714892120520999
"insula-inhibitory-7","In6",8.54795128165909e-41
"insula-inhibitory-7","In7",1
"insula-inhibitory-7","In8",0.00081184570704632
"insula-inhibitory-7","In9",0.0575363819205617
"insula-inhibitory-9","In0",0.00991901633105433
"insula-inhibitory-9","In1",0.00109769695907732
"insula-inhibitory-9","In10",1.55660327803511e-05
"insula-inhibitory-9","In11",5.92262449660314e-31
"insula-inhibitory-9","In2",3.00539864475256e-69
"insula-inhibitory-9","In3",0.00117556593333664
"insula-inhibitory-9","In4",7.13508796163975e-26
"insula-inhibitory-9","In5",0.346885136820914
"insula-inhibitory-9","In6",2.2434100705505e-05
"insula-inhibitory-9","In7",1.27505085403897e-09
"insula-inhibitory-9","In8",0.187113939961813
"insula-inhibitory-9","In9",0.258690643156159
"calcarine-inhibitory-0","In0",1.44317570611252e-61
"calcarine-inhibitory-0","In1",0.126287069370528
"calcarine-inhibitory-0","In10",0.478948647202183
"calcarine-inhibitory-0","In11",0.00663123553742775
"calcarine-inhibitory-0","In2",3.64644919610128e-10
"calcarine-inhibitory-0","In3",0.831307403378747
"calcarine-inhibitory-0","In4",4.62299883313985e-10
"calcarine-inhibitory-0","In5",0.0223527018568728
"calcarine-inhibitory-0","In6",0.0203482505137129
"calcarine-inhibitory-0","In7",4.62645445293306e-23
"calcarine-inhibitory-0","In8",0.363966525926088
"calcarine-inhibitory-0","In9",5.35316254583725e-25
"calcarine-inhibitory-1","In0",0.151031369274823
"calcarine-inhibitory-1","In1",1
"calcarine-inhibitory-1","In10",0.000286283728377182
"calcarine-inhibitory-1","In11",0.00610004328298053
"calcarine-inhibitory-1","In2",0.0203482505137129
"calcarine-inhibitory-1","In3",3.44483989824662e-06
"calcarine-inhibitory-1","In4",0.000287140110441905
"calcarine-inhibitory-1","In5",1.0963311476453e-54
"calcarine-inhibitory-1","In6",0.831307403378747
"calcarine-inhibitory-1","In7",0.146917803722908
"calcarine-inhibitory-1","In8",3.30645214873624e-40
"calcarine-inhibitory-1","In9",2.4039960572681e-11
"calcarine-inhibitory-2","In0",0.45681954469696
"calcarine-inhibitory-2","In1",4.34695109610549e-31
"calcarine-inhibitory-2","In10",0.65412420397649
"calcarine-inhibitory-2","In11",0.870069836891035
"calcarine-inhibitory-2","In2",0.00194126536708433
"calcarine-inhibitory-2","In3",0.0369701908758278
"calcarine-inhibitory-2","In4",0.14508781745348
"calcarine-inhibitory-2","In5",0.462231383694482
"calcarine-inhibitory-2","In6",2.07483215209486e-16
"calcarine-inhibitory-2","In7",1
"calcarine-inhibitory-2","In8",0.275814876774368
"calcarine-inhibitory-2","In9",0.0575363819205617
"calcarine-inhibitory-3","In0",1
"calcarine-inhibitory-3","In1",1.72330021187045e-24
"calcarine-inhibitory-3","In10",1.01313387685197e-07
"calcarine-inhibitory-3","In11",0.346885136820914
"calcarine-inhibitory-3","In2",0.00194126536708433
"calcarine-inhibitory-3","In3",1.77862180142743e-08
"calcarine-inhibitory-3","In4",6.52811629524699e-05
"calcarine-inhibitory-3","In5",0.0446370779955822
"calcarine-inhibitory-3","In6",1.84838912251156e-08
"calcarine-inhibitory-3","In7",0.355118744234777
"calcarine-inhibitory-3","In8",0.363966525926088
"calcarine-inhibitory-3","In9",6.2070696724685e-08
"calcarine-inhibitory-4","In0",3.55774744762204e-05
"calcarine-inhibitory-4","In1",0.21414820549194
"calcarine-inhibitory-4","In10",0.65412420397649
"calcarine-inhibitory-4","In11",1.37467014052416e-13
"calcarine-inhibitory-4","In2",1.381785699695e-40
"calcarine-inhibitory-4","In3",0.65412420397649
"calcarine-inhibitory-4","In4",4.19839159570675e-12
"calcarine-inhibitory-4","In5",0.728931491719876
"calcarine-inhibitory-4","In6",0.63857942022496
"calcarine-inhibitory-4","In7",4.70708333825679e-05
"calcarine-inhibitory-4","In8",0.0184861120285444
"calcarine-inhibitory-4","In9",0.259451671117413
"calcarine-inhibitory-6","In0",1
"calcarine-inhibitory-6","In1",1.89035055042734e-17
"calcarine-inhibitory-6","In10",1
"calcarine-inhibitory-6","In11",0.109498314112855
"calcarine-inhibitory-6","In2",0.181833257642126
"calcarine-inhibitory-6","In3",0.21414820549194
"calcarine-inhibitory-6","In4",1
"calcarine-inhibitory-6","In5",1
"calcarine-inhibitory-6","In6",0.000434662548025752
"calcarine-inhibitory-6","In7",0.654895832782322
"calcarine-inhibitory-6","In8",0.187113939961813
"calcarine-inhibitory-6","In9",0.676212731932216
"preCG-microglia-0","Mic0",3.00609889118802e-78
"preCG-microglia-0","Mic1",3.12986765206566e-05
"preCG-microglia-0","Mic2",1
"preCG-microglia-1","Mic0",1.91070643939336e-49
"preCG-microglia-1","Mic1",0.17272098770475
"preCG-microglia-1","Mic2",0.00236079889647148
"preCG-microglia-3","Mic0",0.000567129531771371
"preCG-microglia-3","Mic1",0.0301574928826089
"preCG-microglia-3","Mic2",1
"preCG-microglia-4","Mic0",1
"preCG-microglia-4","Mic1",7.93680144216881e-10
"preCG-microglia-4","Mic2",0.0149355144732921
"preCG-microglia-7","Mic0",0.00129406538126899
"preCG-microglia-7","Mic1",1
"preCG-microglia-7","Mic2",1
"insula-microglia-0","Mic0",5.49649310642138e-28
"insula-microglia-0","Mic1",6.84909342139219e-11
"insula-microglia-0","Mic2",0.513850265845022
"insula-microglia-1","Mic0",3.68744166139792e-96
"insula-microglia-1","Mic1",0.0562150482551674
"insula-microglia-1","Mic2",0.0226415239566799
"insula-microglia-11","Mic0",0.462893626329833
"insula-microglia-11","Mic1",2.01837925011473e-09
"insula-microglia-11","Mic2",2.02554257337581e-06
"insula-microglia-2","Mic0",6.11626272363558e-136
"insula-microglia-2","Mic1",1
"insula-microglia-2","Mic2",0.127499255986408
"insula-microglia-3","Mic0",0.000141988132700779
"insula-microglia-3","Mic1",0.0562150482551674
"insula-microglia-3","Mic2",0.00271926047827295
"insula-microglia-4","Mic0",2.04799648736086e-112
"insula-microglia-4","Mic1",1
"insula-microglia-4","Mic2",0.00271926047827295
"insula-microglia-5","Mic0",0.0990286480134689
"insula-microglia-5","Mic1",6.84909342139219e-11
"insula-microglia-5","Mic2",0.000307307802534576
"insula-microglia-6","Mic0",1.46639802289248e-09
"insula-microglia-6","Mic1",2.03371065447876e-05
"insula-microglia-6","Mic2",0.268148577760104
"insula-microglia-7","Mic0",4.41434180095127e-06
"insula-microglia-7","Mic1",1.58085496535519e-18
"insula-microglia-7","Mic2",0.000157139458120337
"insula-microglia-9","Mic0",1
"insula-microglia-9","Mic1",1
"insula-microglia-9","Mic2",0.373184953244915
"calcarine-microglia-0","Mic0",3.12117740089343e-29
"calcarine-microglia-0","Mic1",1
"calcarine-microglia-0","Mic2",1
"calcarine-microglia-2","Mic0",1
"calcarine-microglia-2","Mic1",0.00271926047827295
"calcarine-microglia-2","Mic2",1
"calcarine-microglia-3","Mic0",1
"calcarine-microglia-3","Mic1",8.12512368052396e-24
"calcarine-microglia-3","Mic2",3.11684709030116e-06
"preCG-oligodendrocyte-0","Oli0",0.000166578992402623
"preCG-oligodendrocyte-0","Oli1",1
"preCG-oligodendrocyte-0","Oli3",0.0187515359268621
"preCG-oligodendrocyte-0","Oli4",1
"preCG-oligodendrocyte-0","Oli5",0.000582376284898875
"preCG-oligodendrocyte-1","Oli0",0.000141529338601667
"preCG-oligodendrocyte-1","Oli1",1
"preCG-oligodendrocyte-1","Oli3",1
"preCG-oligodendrocyte-1","Oli4",1
"preCG-oligodendrocyte-1","Oli5",1.37470547005692e-05
"preCG-oligodendrocyte-11","Oli0",0.0388968136461145
"preCG-oligodendrocyte-11","Oli1",1
"preCG-oligodendrocyte-11","Oli3",7.44490427396945e-13
"preCG-oligodendrocyte-11","Oli4",1
"preCG-oligodendrocyte-11","Oli5",1
"preCG-oligodendrocyte-13","Oli0",0.00180017020569167
"preCG-oligodendrocyte-13","Oli1",1
"preCG-oligodendrocyte-13","Oli3",1
"preCG-oligodendrocyte-13","Oli4",0.0474214817063194
"preCG-oligodendrocyte-13","Oli5",9.13582705947168e-05
"preCG-oligodendrocyte-14","Oli0",1
"preCG-oligodendrocyte-14","Oli1",1
"preCG-oligodendrocyte-14","Oli3",1
"preCG-oligodendrocyte-14","Oli4",1.87737814327538e-08
"preCG-oligodendrocyte-14","Oli5",0.0836167505611859
"preCG-oligodendrocyte-15","Oli0",0.079264961240783
"preCG-oligodendrocyte-15","Oli1",1
"preCG-oligodendrocyte-15","Oli3",1
"preCG-oligodendrocyte-15","Oli4",0.342009611339857
"preCG-oligodendrocyte-15","Oli5",4.8014797352286e-18
"preCG-oligodendrocyte-2","Oli0",0.188613341235023
"preCG-oligodendrocyte-2","Oli1",1
"preCG-oligodendrocyte-2","Oli3",1
"preCG-oligodendrocyte-2","Oli4",1.06640867903488e-26
"preCG-oligodendrocyte-2","Oli5",0.264868752224481
"preCG-oligodendrocyte-3","Oli0",1
"preCG-oligodendrocyte-3","Oli1",1
"preCG-oligodendrocyte-3","Oli3",0.000266503703767058
"preCG-oligodendrocyte-3","Oli4",1
"preCG-oligodendrocyte-3","Oli5",0.00758980517911109
"preCG-oligodendrocyte-4","Oli0",1
"preCG-oligodendrocyte-4","Oli1",1
"preCG-oligodendrocyte-4","Oli3",1
"preCG-oligodendrocyte-4","Oli4",9.73933831291443e-10
"preCG-oligodendrocyte-4","Oli5",1
"preCG-oligodendrocyte-5","Oli0",9.05881603946042e-06
"preCG-oligodendrocyte-5","Oli1",1
"preCG-oligodendrocyte-5","Oli3",1
"preCG-oligodendrocyte-5","Oli4",1
"preCG-oligodendrocyte-5","Oli5",0.0914496877325818
"preCG-oligodendrocyte-6","Oli0",0.109494898323521
"preCG-oligodendrocyte-6","Oli1",1
"preCG-oligodendrocyte-6","Oli3",1.40979848334444e-09
"preCG-oligodendrocyte-6","Oli4",0.485189655253624
"preCG-oligodendrocyte-6","Oli5",1
"preCG-oligodendrocyte-7","Oli0",9.05881603946042e-06
"preCG-oligodendrocyte-7","Oli1",1
"preCG-oligodendrocyte-7","Oli3",1
"preCG-oligodendrocyte-7","Oli4",1
"preCG-oligodendrocyte-7","Oli5",0.00221182288598503
"preCG-oligodendrocyte-8","Oli0",4.26532108909964e-05
"preCG-oligodendrocyte-8","Oli1",1
"preCG-oligodendrocyte-8","Oli3",1
"preCG-oligodendrocyte-8","Oli4",0.432841281441238
"preCG-oligodendrocyte-8","Oli5",0.00630126287954704
"preCG-oligodendrocyte-9","Oli0",1
"preCG-oligodendrocyte-9","Oli1",1
"preCG-oligodendrocyte-9","Oli3",0.000109972729966498
"preCG-oligodendrocyte-9","Oli4",1
"preCG-oligodendrocyte-9","Oli5",1
"insula-oligodendrocyte-0","Oli0",4.38405723248778e-23
"insula-oligodendrocyte-0","Oli1",1
"insula-oligodendrocyte-0","Oli3",1.89683352257309e-11
"insula-oligodendrocyte-0","Oli4",1
"insula-oligodendrocyte-0","Oli5",4.88150176847043e-10
"insula-oligodendrocyte-1","Oli0",0.000328004462759536
"insula-oligodendrocyte-1","Oli1",1
"insula-oligodendrocyte-1","Oli3",1
"insula-oligodendrocyte-1","Oli4",1
"insula-oligodendrocyte-1","Oli5",4.76803551974404e-05
"insula-oligodendrocyte-10","Oli0",0.0110118727292885
"insula-oligodendrocyte-10","Oli1",1
"insula-oligodendrocyte-10","Oli3",0.285555169871623
"insula-oligodendrocyte-10","Oli4",0.794472558335484
"insula-oligodendrocyte-10","Oli5",0.264868752224481
"insula-oligodendrocyte-11","Oli0",1
"insula-oligodendrocyte-11","Oli1",1
"insula-oligodendrocyte-11","Oli3",1
"insula-oligodendrocyte-11","Oli4",4.71566125488653e-25
"insula-oligodendrocyte-11","Oli5",1
"insula-oligodendrocyte-12","Oli0",8.88490544091158e-16
"insula-oligodendrocyte-12","Oli1",1
"insula-oligodendrocyte-12","Oli3",0.285555169871623
"insula-oligodendrocyte-12","Oli4",0.214137225554486
"insula-oligodendrocyte-12","Oli5",9.11086840095608e-16
"insula-oligodendrocyte-13","Oli0",1
"insula-oligodendrocyte-13","Oli1",1
"insula-oligodendrocyte-13","Oli3",1
"insula-oligodendrocyte-13","Oli4",0.0303750453470645
"insula-oligodendrocyte-13","Oli5",1
"insula-oligodendrocyte-14","Oli0",1
"insula-oligodendrocyte-14","Oli1",1
"insula-oligodendrocyte-14","Oli3",0.0298889427671298
"insula-oligodendrocyte-14","Oli4",5.7727763194737e-11
"insula-oligodendrocyte-14","Oli5",0.0247038556415652
"insula-oligodendrocyte-15","Oli0",1.40979848334444e-09
"insula-oligodendrocyte-15","Oli1",1
"insula-oligodendrocyte-15","Oli3",0.00158835575507085
"insula-oligodendrocyte-15","Oli4",0.789887511658618
"insula-oligodendrocyte-15","Oli5",3.40857046539117e-29
"insula-oligodendrocyte-16","Oli0",1
"insula-oligodendrocyte-16","Oli1",1
"insula-oligodendrocyte-16","Oli3",0.0997310674541187
"insula-oligodendrocyte-16","Oli4",0.277733893793194
"insula-oligodendrocyte-16","Oli5",1
"insula-oligodendrocyte-17","Oli0",1
"insula-oligodendrocyte-17","Oli1",1
"insula-oligodendrocyte-17","Oli3",1
"insula-oligodendrocyte-17","Oli4",0.0242198909400355
"insula-oligodendrocyte-17","Oli5",0.0858996969772721
"insula-oligodendrocyte-18","Oli0",0.188613341235023
"insula-oligodendrocyte-18","Oli1",1
"insula-oligodendrocyte-18","Oli3",1
"insula-oligodendrocyte-18","Oli4",4.67954344089234e-72
"insula-oligodendrocyte-18","Oli5",1
"insula-oligodendrocyte-2","Oli0",0.188613341235023
"insula-oligodendrocyte-2","Oli1",0.0353121008435577
"insula-oligodendrocyte-2","Oli3",1
"insula-oligodendrocyte-2","Oli4",1.23997278077909e-93
"insula-oligodendrocyte-2","Oli5",0.264868752224481
"insula-oligodendrocyte-3","Oli0",8.28974437905252e-06
"insula-oligodendrocyte-3","Oli1",1
"insula-oligodendrocyte-3","Oli3",1
"insula-oligodendrocyte-3","Oli4",0.211679121628606
"insula-oligodendrocyte-3","Oli5",2.59525156900054e-08
"insula-oligodendrocyte-4","Oli0",1
"insula-oligodendrocyte-4","Oli1",1
"insula-oligodendrocyte-4","Oli3",0.079264961240783
"insula-oligodendrocyte-4","Oli4",1
"insula-oligodendrocyte-4","Oli5",1
"insula-oligodendrocyte-5","Oli0",0.0110118727292885
"insula-oligodendrocyte-5","Oli1",0.0353121008435577
"insula-oligodendrocyte-5","Oli3",1
"insula-oligodendrocyte-5","Oli4",2.58644266146404e-86
"insula-oligodendrocyte-5","Oli5",0.264868752224481
"insula-oligodendrocyte-6","Oli0",1.6911380176165e-06
"insula-oligodendrocyte-6","Oli1",1
"insula-oligodendrocyte-6","Oli3",0.211679121628606
"insula-oligodendrocyte-6","Oli4",1
"insula-oligodendrocyte-6","Oli5",2.28268845980641e-09
"insula-oligodendrocyte-7","Oli0",1.10530600173722e-13
"insula-oligodendrocyte-7","Oli1",1
"insula-oligodendrocyte-7","Oli3",5.83334019547783e-26
"insula-oligodendrocyte-7","Oli4",1
"insula-oligodendrocyte-7","Oli5",1
"insula-oligodendrocyte-8","Oli0",0.000328004462759536
"insula-oligodendrocyte-8","Oli1",1
"insula-oligodendrocyte-8","Oli3",1
"insula-oligodendrocyte-8","Oli4",1
"insula-oligodendrocyte-8","Oli5",2.6539556616991e-08
"insula-oligodendrocyte-9","Oli0",1
"insula-oligodendrocyte-9","Oli1",1
"insula-oligodendrocyte-9","Oli3",1
"insula-oligodendrocyte-9","Oli4",0.000749405946797498
"insula-oligodendrocyte-9","Oli5",0.16677812874626
"calcarine-oligodendrocyte-0","Oli0",0.0110118727292885
"calcarine-oligodendrocyte-0","Oli1",0.000217384997195379
"calcarine-oligodendrocyte-0","Oli3",1
"calcarine-oligodendrocyte-0","Oli4",1.23997278077909e-93
"calcarine-oligodendrocyte-0","Oli5",0.0012584163997377
"calcarine-oligodendrocyte-1","Oli0",0.0649200402279542
"calcarine-oligodendrocyte-1","Oli1",0.0114286784211379
"calcarine-oligodendrocyte-1","Oli3",1
"calcarine-oligodendrocyte-1","Oli4",0.0292632590808891
"calcarine-oligodendrocyte-1","Oli5",1
"calcarine-oligodendrocyte-10","Oli0",2.4746006424255e-06
"calcarine-oligodendrocyte-10","Oli1",1
"calcarine-oligodendrocyte-10","Oli3",1
"calcarine-oligodendrocyte-10","Oli4",0.00017695354633507
"calcarine-oligodendrocyte-10","Oli5",2.80028276011449e-07
"calcarine-oligodendrocyte-2","Oli0",1
"calcarine-oligodendrocyte-2","Oli1",0.0152457135498927
"calcarine-oligodendrocyte-2","Oli3",1
"calcarine-oligodendrocyte-2","Oli4",0.0474214817063194
"calcarine-oligodendrocyte-2","Oli5",0.121493593115832
"calcarine-oligodendrocyte-3","Oli0",4.10329211217799e-05
"calcarine-oligodendrocyte-3","Oli1",1
"calcarine-oligodendrocyte-3","Oli3",0.158080520634447
"calcarine-oligodendrocyte-3","Oli4",1
"calcarine-oligodendrocyte-3","Oli5",0.000141529338601667
"calcarine-oligodendrocyte-4","Oli0",1.28872838670877e-07
"calcarine-oligodendrocyte-4","Oli1",1
"calcarine-oligodendrocyte-4","Oli3",1.81322233585615e-21
"calcarine-oligodendrocyte-4","Oli4",0.212912974503465
"calcarine-oligodendrocyte-4","Oli5",1
"calcarine-oligodendrocyte-6","Oli0",3.9968584079364e-10
"calcarine-oligodendrocyte-6","Oli1",1
"calcarine-oligodendrocyte-6","Oli3",1
"calcarine-oligodendrocyte-6","Oli4",1
"calcarine-oligodendrocyte-6","Oli5",0.0997310674541187
"preCG-opc-0","Opc0",1
"preCG-opc-0","Opc1",1
"preCG-opc-0","Opc2",0.171613602504774
"preCG-opc-1","Opc0",1
"preCG-opc-1","Opc1",1
"preCG-opc-1","Opc2",1.1474434542111e-49
"preCG-opc-2","Opc0",0.066033923591696
"preCG-opc-2","Opc1",1
"preCG-opc-2","Opc2",0.697830871150134
"preCG-opc-3","Opc0",1
"preCG-opc-3","Opc1",0.00153511398120961
"preCG-opc-3","Opc2",1
"preCG-opc-4","Opc0",1
"preCG-opc-4","Opc1",2.04203094981975e-49
"preCG-opc-4","Opc2",0.465783108776102
"preCG-opc-6","Opc0",1
"preCG-opc-6","Opc1",0.0761443623092871
"preCG-opc-6","Opc2",0.000449594874900859
"preCG-opc-8","Opc0",1
"preCG-opc-8","Opc1",0.0761443623092871
"preCG-opc-8","Opc2",0.000449594874900859
"insula-opc-0","Opc0",1.17795185429885e-05
"insula-opc-0","Opc1",1
"insula-opc-0","Opc2",1
"insula-opc-1","Opc0",1
"insula-opc-1","Opc1",0.000761903328327229
"insula-opc-1","Opc2",0.0374867207398816
"insula-opc-2","Opc0",1
"insula-opc-2","Opc1",1.22878222394391e-05
"insula-opc-2","Opc2",1
"insula-opc-3","Opc0",0.066033923591696
"insula-opc-3","Opc1",0.491204029906246
"insula-opc-3","Opc2",9.05729371087117e-72
"insula-opc-4","Opc0",1
"insula-opc-4","Opc1",0.0761443623092871
"insula-opc-4","Opc2",4.14291271011512e-05
"calcarine-opc-0","Opc0",0.066033923591696
"calcarine-opc-0","Opc1",1
"calcarine-opc-0","Opc2",1
"calcarine-opc-2","Opc0",1
"calcarine-opc-2","Opc1",2.69527841349359e-13
"calcarine-opc-2","Opc2",0.000325121239504451
"calcarine-opc-3","Opc0",1
"calcarine-opc-3","Opc1",4.12159977114689e-06
"calcarine-opc-3","Opc2",1
